1,岡野 孝吉,オカノ コウキチ,男,0158-53-8139,1986年10月05日,38,B
2,中井 裕翔,ナカイ ユウト,男,083-214-8285,2004年09月24日,20,A
3,波多野 亜矢子,ハタノ アヤコ,女,0269-17-3014,1977年12月26日,47,A
4,平井 十三,ヒライ ジュウゾウ,男,023-000-6230,1996年01月16日,29,A
5,倉田 信生,クラタ ノブオ,男,076-360-9290,1995年06月15日,29,B
6,井田 麗子,イダ レイコ,女,0949-01-8041,1985年08月16日,39,B
7,千田 円美,センダ マルミ,女,0858-90-3698,1989年08月30日,35,O
8,吉村 信長,ヨシムラ ノブナガ,男,083-453-4971,1986年01月29日,38,O
9,藤森 由佳,フジモリ ユカ,女,076-400-2793,1976年09月26日,48,A
10,杉村 善太郎,スギムラ ゼンタロウ,男,0852-76-7291,1976年11月25日,48,B
